ID, First Name, Last Name, Email
1,John,Smith,john@gmail.com
2,Some,One,some@one.com
3,Peter,parker,peterparker@gmail.com
4,Pika,Chu,pika@chu.com
5,Yenon,Roi,roiy@gmail.com
6,Tina,Yada,tyada@gmail.com
7,Rahul,rull,rahul@gmail.com
8,Mona,Patel,monap9@gmail.com
9,Huck,Smash,hucksmash@gmail.com
10,Luke,Skywalker,skywalker99@gmail.com
